id,x,y,z,yaw,pitch,roll
1,-285.14,226.341,-12.6111,2.448,0.0132007,0.0387408
2,-284.906,226.134,-12.6131,2.44831,0.0143424,0.0409204
3,-285.363,226.528,-12.6187,2.44858,0.0125382,0.0353585
4,-285.597,226.739,-12.6242,2.449,0.0115505,0.0342708
5,-285.809,226.942,-12.6272,2.45034,0.0109501,0.0316428
6,-286.011,227.119,-12.633,2.45053,0.0110801,0.0305157
7,-286.227,227.307,-12.6362,2.44966,0.0102199,0.0319623
