id,x,y,z,yaw,pitch,roll
1,-285.17,226.599,-15.4169,2.45271,-0.0332544,-0.0205241
2,-284.999,226.429,-15.4198,2.45078,-0.0325016,-0.0213693
3,-285.417,226.806,-15.4237,2.4529,-0.033786,-0.0216373
