id,x,y,z,yaw,pitch,roll
1,1717.25,1015.01,0,-2.19291,-0.0290507,0.0428829
2,1717.25,1015.04,0,-2.19881,-0.0177658,0.0399404
3,1717.1,1015.03,0,-2.20306,-0.00638153,0.0318679
