id,x,y,z,yaw,pitch,roll
1,1716.95,1014.62,0,-2.18676,-0.0322662,0.0375431
