id,x,y,z,yaw,pitch,roll
1,-285.07,226.623,-16.1417,2.44999,-0.0350725,0.00264266
2,-284.809,226.406,-16.1422,2.45127,-0.0345534,0.00180696
3,-285.306,226.821,-16.1436,2.45121,-0.0354764,0.00185686
4,-285.494,227.01,-16.143,2.45381,-0.0366123,0.000468979
5,-285.804,227.282,-16.1374,2.45216,-0.0375398,-0.000545354
6,-286.059,227.497,-16.1404,2.45268,-0.0377349,-0.00102473
