id,x,y,z,yaw,pitch,roll
1,0.425466,1.83302,-6.04503,0.0613831,-0.0340025,0.0636597
2,-1.07143,2.65017,-6.55083,3.09702e-05,-0.0896033,-0.00705843
